date;experiment;genotype;starvation;0;0,1;0,3;0,6;1;3;10;30;SCORE;labellum;remarks
02.03.2013;h138;hs;138;0;1;1;1;1;1;1;1;7;1;
02.03.2013;h138;hs;138;0;0;0;1;1;1;1;1;5;1;
02.03.2013;h138;tbh;138;0;0;0;0;0;0;0;1;1;1;
02.03.2013;h138;hs;138;0;0;0;0;0;0;0;1;1;1;
02.03.2013;h138;hs;138;0;0;0;0;0;0;0;0;0;1;
02.03.2013;h138;w;138;0;0;0;0;0;0;0;1;1;1;
02.03.2013;h138;hs;138;0;0;0;0;0;0;0;0;0;1;
02.03.2013;h138;tbh;138;0;0;0;0;0;0;0;0;0;1;
02.03.2013;h138;w;138;0;0;0;0;0;0;0;0;0;1;
02.03.2013;h138;tbh;138;0;0;0;0;0;0;0;0;0;1;
02.03.2013;h138;tbh;138;0;0;0;0;0;0;0;1;1;1;
02.03.2013;h138;w;138;0;1;0;0;0;0;0;1;2;1;in 10% a bit extension
02.03.2013;h138;hs;138;0;0;0;1;1;1;1;1;5;1;
02.03.2013;h138;tbh;138;0;0;0;0;0;0;0;0;0;1;in 10% a bit extension
02.03.2013;h138;w;138;0;1;0;0;1;1;1;0;4;1;
02.03.2013;h138;w;138;0;0;0;1;1;1;1;1;5;1;in 0% extension before
13.03.2013;h138;tbh;138;0;0;0;0;0;0;0;0;0;1;
13.03.2013;h138;hs;138;0;1;0;1;1;1;0,5;1;5,5;1;
13.03.2013;h138;tbh;138;0;0;0;0;0;0;0;0;0;1;
13.03.2013;h138;hs;138;0;1;0;0;0;0;1;1;3;1;in 0.6% a bit extension
13.03.2013;h138;tbh;138;0;0;0;0;0;0;0;0;0;1;
13.03.2013;h138;hs;138;0;0;0;1;1;1;1;1;5;1;
13.03.2013;h138;tbh;138;0;0;0;0;0;0;0;0;0;1;
13.03.2013;h138;hs;138;0;0,5;0;1;1;1;1;1;5,5;1;
13.03.2013;h138;w;138;0;1;1;1;1;1;1;1;7;1;
13.03.2013;h138;tbh;138;0;0;0;0;0;0;0;0;0;1;
13.03.2013;h138;tbh;138;0;0;0;0;0;0;0;0;0;1;
13.03.2013;h138;hs;138;0;0;0;0;0;0;1;0;1;1;
13.03.2013;h138;w;138;0;1;1;1;1;1;1;1;7;1;
10.04.2013;h140_1;hs;140;0;1;1;1;1;1;1;1;7;1;Lucie glued, Vicky tested
10.04.2013;h140_1;hs;140;0;1;1;1;1;1;1;1;7;1;Lucie glued, Vicky tested
10.04.2013;h140_1;hs;140;0;1;1;1;1;1;1;1;7;1;Lucie glued, Vicky tested
10.04.2013;h140_1;hs;140;0;0;0;0;0;0;0;0;0;1;Lucie glued, Vicky tested
10.04.2013;h140_1;hs;140;0;1;0;0;1;1;1;1;5;1;Lucie glued, Vicky tested
10.04.2013;h140_1;tbh;140;0;0;0;0;0;0;1;1;2;1;Lucie glued, Vicky tested
10.04.2013;h140_1;tbh;140;0;0;0;0;0;0;0;0;0;1;Lucie glued, Vicky tested
10.04.2013;h140_1;tbh;140;0;0;0;0;0;0;0;0;0;1;Lucie glued, Vicky tested
10.04.2013;h140_1;tbh;140;0;0;0;0;0;0;0;0;0;1;Lucie glued, Vicky tested
10.04.2013;h140_1;tbh;140;0;0;0;0;0;0;0;0;0;1;Lucie glued, Vicky tested
10.04.2013;h140_1;tbh;140;0;0;0;0;0;0;0;0;0;1;Lucie glued, Vicky tested
10.04.2013;h140_1;w;140;0;1;1;1;1;1;1;1;7;1;Lucie glued, Vicky tested
11.04.2013;h140_1;hs;140;0;0;0;0;0;0;0;0;0;1;vicky glued, vicky tested
11.04.2013;h140_1;hs;140;0;1;0;0;0;0;1;0;2;1;in 0.6%,30% a bit extension,vicky glued, vicky tested
11.04.2013;h140_1;hs;140;0;0;0;0;0;0;0;0;0;1;
11.04.2013;h140_1;hs;140;0;0;0;0;0;0;0;0;0;1;
11.04.2013;h140_1;tbh;140;0;0;0;0;0;0;0;0;0;1;vicky glued, vicky tested
11.04.2013;h140_1;w;140;0;1;0;1;0;1;1;1;5;1;in 1% a bit extension,vicky glued, vicky tested
11.04.2013;h140_1;w;140;0;0;1;1;1;1;1;1;6;1;vicky glued, vicky tested
14.04.2013;h140_1;hs;140;0;0;0;0;0;0;0;0;0;1;
14.04.2013;h140_1;hs;140;0;0;0;0;0;0;0;0;0;1;
14.04.2013;h140_1;hs;140;0;0;1;0;1;1;1;1;5;1;in 0.6% a bit extension
14.04.2013;h140_1;hs;140;0;0;0;0;0;0;0;0;0;1;
14.04.2013;h140_1;hs;140;0;0;0;0;0;0;0;0;0;1;
14.04.2013;h140_1;hs;140;0;0;0;0;0;0;0;0;0;1;
14.04.2013;h140_1;tbh;140;0;0;0;0;0;0;0;0;0;1;
14.04.2013;h140_1;tbh;140;0;0;0;0;0;0;0;0;0;1;
14.04.2013;h140_1;tbh;140;0;0;0;0;0;0;1;0;1;1;
14.04.2013;h140_1;tbh;140;0;0;0;0;0;0;0;0;0;1;
14.04.2013;h140_1;tbh;140;0;0;0;0;0;0;0;0;0;1;in 30% a bit extension
14.04.2013;h140_1;tbh;140;0;0;0;0;0;0;0;1;1;1;loose hook
14.04.2013;h140_1;tbh;140;0;0;0;0;0;0;0;1;1;1;loose hook
14.04.2013;h140_1;w;140;0;0;0;0;0;1;1;1;3;1;
14.04.2013;h140_1;w;140;0;0;0;0;1;1;1;1;4;1;
14.04.2013;h140_1;w;140;0;0;1;1;1;1;1;1;6;1;
14.04.2013;h140_1;w;140;0;0;0;0;1;1;1;1;4;1;in 0%,0.1%,0.6% a bit extension
14.04.2013;h140_1;w;140;0;0;0;1;1;1;1;1;5;1;
14.04.2013;h140_1;w;140;0;1;1;1;1;1;1;1;7;1;
14.04.2013;h140_1;w;140;0;0;0;0;0;0;0;0;0;1;in 10% a bit extension
03.06.2013;h140_2;hs;140;0;0;0;0;0;0;0;1;1;1;
03.06.2013;h140_2;hs;140;0;0;0;0;0;0;0;0;0;1;
03.06.2013;h140_2;hs;140;0;0;0;0;0;0;0;0;0;1;
03.06.2013;h140_2;hs;140;0;0;0;0;0;0;1;1;2;1;
03.06.2013;h140_2;hs;140;0;0;0;0;0;0;0;0;0;1;
03.06.2013;h140_2;hs;140;0;0;0;1;0;1;1;1;4;1;
03.06.2013;h140_2;tbh;140;0;0;0;0;0;0;0;0;0;1;
03.06.2013;h140_2;tbh;140;0;0;0;0;0;0;0;1;1;1;
03.06.2013;h140_2;tbh;140;0;0;0;0;0;0;0;0;0;1;
03.06.2013;h140_2;tbh;140;0;0;0;0;0;0;0;0;0;1;
03.06.2013;h140_2;tbh;140;0;0;0;0;0;0;0;0;0;1;
03.06.2013;h140_2;tbh;140;0;0;0;0;0;0;0;0;0;1;
03.06.2013;h140_2;tbh;140;0;0;0;0;0;0;0;0;0;1;
03.06.2013;h140_2;w;140;0;0;0;0;0;0;0;1;1;1;
03.06.2013;h140_2;w;140;0;0;0;0;0;1;1;1;3;1;
03.06.2013;h140_2;w;140;0;0;0;0;0;0;1;1;2;1;
03.06.2013;h140_2;w;140;0;1;1;1;1;1;1;1;7;1;
03.06.2013;h140_2;w;140;0;0;1;1;1;1;1;1;6;1;
03.06.2013;h140_2;w;140;0;0;0;0;0;0;0;0;0;1;
04.06.2013;h140_2;hs;140;0;0;0;0;0;0;0;0;0;1;
04.06.2013;h140_2;hs;140;0;0;0;0;0;0;0;0;0;1;
04.06.2013;h140_2;hs;140;0;0;0;0;0;0;1;0;1;1;
04.06.2013;h140_2;hs;140;0;0;0;0;0;0;0;0;0;1;
04.06.2013;h140_2;hs;140;0;0;0;0;0;0;1;1;2;1;
04.06.2013;h140_2;hs;140;0;0;0;1;1;1;0;0;3;1;
04.06.2013;h140_2;hs;140;0;0;0;0;0;0;0;0;0;1;
04.06.2013;h140_2;hs;140;0;0;0;0;0;0;0;0;0;1;
04.06.2013;h140_2;hs;140;0;0;0;0;0;0;0;0;0;1;
04.06.2013;h140_2;hs;140;0;0;0;0;0;0;0;0;0;1;
04.06.2013;h140_2;tbh;140;0;0;0;0;0;0;0;0;0;1;
04.06.2013;h140_2;tbh;140;0;0;0;0;0;0;0;0;0;1;
04.06.2013;h140_2;tbh;140;0;0;0;0;0;0;0;0;0;1;
04.06.2013;h140_2;tbh;140;0;0;0;0;0;0;0;1;1;1;
04.06.2013;h140_2;tbh;140;0;0;0;0;0;0;0;0;0;1;
04.06.2013;h140_2;tbh;140;0;0;0;0;0;0;0;0;0;1;
04.06.2013;h140_2;w;140;0;0;0;0;0;0;0;1;1;1;
04.06.2013;h140_2;w;140;0;0;0;1;1;1;1;1;5;1;in 0.1%,0.3% a bit extension
04.06.2013;h140_2;w;140;0;0;0;0;1;1;1;1;4;1;
04.06.2013;h140_2;w;140;0;1;0;0;0;1;1;1;4;1;
04.06.2013;h140_2;w;140;0;1;1;1;1;1;1;1;7;1;
04.06.2013;h140_2;w;140;0;0;0;1;1;1;1;1;5;1;
04.06.2013;h140_2;w;140;0;0;1;0;1;1;1;1;5;1;
04.06.2013;h140_2;w;140;0;1;1;1;1;1;1;1;7;1;
05.06.2013;h140_2;hs;140;0;0;0;0;1;1;1;0;3;1;
05.06.2013;h140_2;hs;140;0;0;0;0;0;0;0;0;0;1;
05.06.2013;h140_2;hs;140;0;0;0;0;0;1;1;1;3;1;
05.06.2013;h140_2;hs;140;0;0;0;0;0;0;0;0;0;1;in 30% a bit extension
05.06.2013;h140_2;hs;140;0;0;0;0;0;0;0;1;1;1;
05.06.2013;h140_2;hs;140;0;0;0;0;0;0;0;0;0;1;in 30% a bit extension
05.06.2013;h140_2;hs;140;0;0;0;0;1;1;1;1;4;1;
05.06.2013;h140_2;tbh;140;0;0;0;0;0;0;0;0;0;1;
05.06.2013;h140_2;tbh;140;0;0;0;0;0;0;0;0;0;1;
05.06.2013;h140_2;tbh;140;0;0;0;0;0;0;0;0;0;1;
05.06.2013;h140_2;tbh;140;0;0;0;0;0;0;0;0;0;1;
05.06.2013;h140_2;tbh;140;0;0;0;0;0;0;0;0;0;1;
05.06.2013;h140_2;tbh;140;0;0;0;0;0;0;0;0;0;1;
05.06.2013;h140_2;tbh;140;0;0;0;0;0;0;0;0;0;1;
05.06.2013;h140_2;tbh;140;0;0;0;0;0;0;0;0;0;1;
05.06.2013;h140_2;tbh;140;0;0;0;0;0;0;0;0;0;1;
05.06.2013;h140_2;w;140;0;1;1;1;1;1;1;1;7;1;
05.06.2013;h140_2;w;140;0;0;1;0;1;1;1;1;5;1;
05.06.2013;h140_2;w;140;0;1;1;1;1;1;1;1;7;1;
05.06.2013;h140_2;w;140;0;1;1;1;1;1;1;0,5;6,5;1;
05.06.2013;h140_2;w;140;0;0;0;0;0;0;0;0;0;1;
05.06.2013;h140_2;w;140;0;1;1;1;1;1;1;1;7;1;
05.06.2013;h140_2;w;140;0;1;1;1;1;1;1;1;7;1;
05.06.2013;h140_2;w;140;0;1;1;1;1;1;1;1;7;1;
23.10.2013;three;tbh;140;0;0;0;0;0;0;0;1;1;1;
23.10.2013;three;tbh;140;0;0;0;0;0;0;0;0;0;1;
23.10.2013;three;tbh;140;0;0;0;0;0;0;0;0;0;1;
23.10.2013;three;tbh;140;0;1;1;1;1;1;1;1;7;1;
23.10.2013;three;tbh;140;0;0;0;0;0;0;0;0;0;1;
23.10.2013;three;tbh;140;0;0;1;0;0;1;1;1;4;1;
23.10.2013;three;tbh;140;0;0;0;0;0;0;1;0;1;1;
23.10.2013;three;tbh;140;0;0;1;1;1;1;1;1;6;1;in 1% extension before
23.10.2013;three;tbh;140;0;0;0;0;0;1;1;1;3;1;
27.10.2013;three;tbh;140;0;1;1;1;1;1;1;1;7;1;
27.10.2013;three;tbh;140;0;0;0;0;0;0;0;1;1;1;
27.10.2013;three;tbh;140;0;0;0;0;0;0;0;0;0;1;
27.10.2013;three;tbh;140;0;0;0;0;0;0;0;0;0;1;
23.10.2013;three;hs;140;0;0;0;1;1;1;1;1;5;1;
23.10.2013;three;hs;140;0;0;1;1;1;1;1;1;6;1;
23.10.2013;three;hs;140;0;0;0;0;0;1;1;1;3;1;in 0.3%,1% a bit extension
23.10.2013;three;hs;140;0;1;1;1;1;1;1;0;6;1;
23.10.2013;three;hs;140;0;0;0;0;0;1;0;1;2;1;in 10% a bit extension
23.10.2013;three;hs;140;0;0;0;0;0;0;0;0;0;1;
23.10.2013;three;hs;140;0;0;0;0;0;1;1;1;3;1;
27.10.2013;three;hs;140;0;0;0;0;0;0;0;1;1;1;
27.10.2013;three;hs;140;0;0;0;0;0;1;1;1;3;1;in 0.3%,0.6%,1% a bit extension
27.10.2013;three;hs;140;0;0;0;0;0;1;1;1;3;1;
27.10.2013;three;hs;140;0;1;1;1;1;1;1;1;7;1;
23.10.2013;three;w;140;0;1;1;1;1;1;1;1;7;1;
23.10.2013;three;w;140;0;0;0;0;0;0;0;0;0;1;
23.10.2013;three;w;140;0;0;1;0;0;1;0;0;2;1;
23.10.2013;three;w;140;0;0;0;0;0;1;1;1;3;1;
23.10.2013;three;w;140;0;1;1;1;1;1;1;1;7;1;
27.10.2013;three;w;140;0;1;1;1;1;1;1;1;7;1;
