date;trial;group;genotype;sex;0;0,1;0,3;0,6;1;3;10;30;SCORE;on mouth;remarks
28.04.2013;1;OAMB286;OAMB286;f;0;1;0;0;1;1;1;1;5;1;in 0.3% a bit extension
28.04.2013;2;OAMB286;OAMB286;f;0;0;0;1;1;1;1;1;5;1;
22.05.2013;3;OAMB286;OAMB286;f;0;0;0;0;0;0;1;1;2;1;
22.05.2013;4;OAMB286;OAMB286;f;0;0;1;0;0;0;1;1;3;1;
22.05.2013;5;OAMB286;OAMB286;f;0;0;0;0;0;1;0;0;1;1;
22.05.2013;6;OAMB286;OAMB286;f;0;0;1;0;0;0;1;1;3;1;in 0.6%,1% a bit extension
22.05.2013;7;OAMB286;OAMB286;f;0;0;0;0;0;1;1;1;3;1;
11.06.2013;8;OAMB286;OAMB286;f;0;0;0;0;0;0;0;0;0;1;
11.06.2013;9;OAMB286;OAMB286;f;0;0;0;0;0;0;1;1;2;1;
11.06.2013;10;OAMB286;OAMB286;f;0;0;1;1;1;1;1;1;6;1;
12.06.2013;11;OAMB286;OAMB286;f;0;1;1;1;1;1;1;1;7;1;
12.06.2013;12;OAMB286;OAMB286;f;0;1;1;1;1;1;1;1;7;1;
12.06.2013;13;OAMB286;OAMB286;f;0;0;0;0;0;0;0;1;1;1;
12.06.2013;14;OAMB286;OAMB286;f;0;0;1;1;1;1;1;1;6;1;
12.06.2013;15;OAMB286;OAMB286;f;0;0;0;0;0;0;0;1;1;1;
12.06.2013;16;OAMB286;OAMB286;f;0;0;1;1;1;1;1;1;6;1;
14.06.2013;17;OAMB286;OAMB286;f;0;0;0;1;1;1;1;1;5;1;
14.06.2013;18;OAMB286;OAMB286;f;0;1;1;1;1;1;1;1;7;1;
14.06.2013;19;OAMB286;OAMB286;f;0;0;1;1;1;1;1;1;6;1;
28.06.2013;20;OAMB286;OAMB286;f;0;0;0;0;0;0;1;1;2;1;
28.06.2013;21;OAMB286;OAMB286;f;0;0;0;0;0;0;1;1;2;1;
28.06.2013;22;OAMB286;OAMB286;f;0;1;1;1;1;1;1;1;7;1;
28.06.2013;23;OAMB286;OAMB286;f;0;0;0;0;0;0;1;1;2;1;
28.06.2013;24;OAMB286;OAMB286;f;0;0;0;0;0;0;0;0;0;1;
28.06.2013;25;OAMB286;OAMB286;f;0;0;0;0;0;1;1;1;3;1;
28.06.2013;26;OAMB286;OAMB286;f;0;0;0;0;0;0;1;1;2;1;
28.06.2013;27;OAMB286;OAMB286;f;0;0;0;0;0;0;0;1;1;1;in 10% a bit extension
28.06.2013;28;OAMB286;OAMB286;f;0;0;0;0;0;1;1;1;3;1;in 0.6% a bit extension
10.07.2013;29;OAMB286;OAMB286;f;0;1;1;1;1;1;1;1;7;1;
10.07.2013;30;OAMB286;OAMB286;f;0;0;0;0;0;1;0;1;2;1;
10.07.2013;31;OAMB286;OAMB286;f;0;0;0;0;1;1;1;1;4;1;
10.07.2013;32;OAMB286;OAMB286;f;0;0;0;0;0;0;1;1;2;1;
10.07.2013;33;OAMB286;OAMB286;f;0;0;0;0;0;1;1;1;3;1;
28.04.2013;1;OAMB584;OAMB584;f;0;0;1;1;1;1;1;1;6;1;in 0.1% a bit extension
22.05.2013;2;OAMB584;OAMB584;f;0;0;0;1;1;1;1;1;5;1;
22.05.2013;3;OAMB584;OAMB584;f;0;1;1;1;1;1;1;1;7;1;
22.05.2013;4;OAMB584;OAMB584;f;0;0;0;1;0;1;1;1;4;1;
22.05.2013;5;OAMB584;OAMB584;f;0;0;0;1;0;0;0;1;2;1;
11.06.2013;6;OAMB584;OAMB584;f;0;1;1;1;1;1;1;1;7;1;
12.06.2013;7;OAMB584;OAMB584;f;0;0;0;0;0;0;0;1;1;1;
12.06.2013;8;OAMB584;OAMB584;f;0;0;1;1;1;1;1;1;6;1;
12.06.2013;9;OAMB584;OAMB584;f;0;0;0;0;0;1;0;1;2;1;
12.06.2013;10;OAMB584;OAMB584;f;0;0;0;0;0;0;1;1;2;1;
12.06.2013;11;OAMB584;OAMB584;f;0;0;1;1;1;1;1;1;6;1;
12.06.2013;12;OAMB584;OAMB584;f;0;0;0;1;1;1;1;1;5;1;
14.06.2013;13;OAMB584;OAMB584;f;0;0;0;1;1;1;1;1;5;1;
14.06.2013;14;OAMB584;OAMB584;f;0;0;1;1;1;1;1;1;6;1;
14.06.2013;15;OAMB584;OAMB584;f;0;0;1;1;1;1;1;1;6;1;
28.06.2013;16;OAMB584;OAMB584;f;0;0;1;1;1;1;1;1;6;1;
28.06.2013;17;OAMB584;OAMB584;f;0;0;0;0;0;0;1;1;2;1;
28.06.2013;18;OAMB584;OAMB584;f;0;1;1;1;1;1;1;1;7;1;
28.06.2013;19;OAMB584;OAMB584;f;0;0;1;0;0;1;1;1;4;1;
28.06.2013;20;OAMB584;OAMB584;f;0;0;0;0;0;1;1;1;3;1;
28.06.2013;21;OAMB584;OAMB584;f;0;1;1;1;1;1;1;1;7;1;
28.06.2013;22;OAMB584;OAMB584;f;0;0;0;1;1;1;1;1;5;1;
28.06.2013;23;OAMB584;OAMB584;f;0;1;1;1;1;1;1;1;7;1;
10.07.2013;24;OAMB584;OAMB584;f;0;0;0;0;0;1;1;1;3;1;
10.07.2013;25;OAMB584;OAMB584;f;0;0;0;0;0;0;0;1;1;1;
10.07.2013;26;OAMB584;OAMB584;f;0;0;0;0;0;1;1;1;3;1;
10.07.2013;27;OAMB584;OAMB584;f;0;0;0;0;0;0;1;1;2;1;
10.07.2013;28;OAMB584;OAMB584;f;0;1;1;1;1;1;1;1;7;1;
10.07.2013;29;OAMB584;OAMB584;f;0;0;0;0;0;0;1;1;2;1;
28.04.2013;1;w;w;f;0;1;0;1;1;1;1;1;6;1;in 0% extension before, in 0.3% a bit extension
28.04.2013;2;w;w;f;0;0;0;1;1;1;1;1;5;1;in 0.6% one PER
22.05.2013;3;w;w;f;0;0;0;0;0;1;1;1;3;1;
22.05.2013;4;w;w;f;0;1;0;1;0;1;1;1;5;1;
22.05.2013;5;w;w;f;0;0;0;0;0;0;0;0;0;1;
11.06.2013;6;w;w;f;0;1;1;1;1;1;1;1;7;1;
11.06.2013;7;w;w;f;0;0;0;0;0;0;0;1;1;1;
11.06.2013;8;w;w;f;0;0;0;0;0;0;0;1;1;1;
11.06.2013;9;w;w;f;0;0;0;1;0;0;1;1;3;1;
11.06.2013;10;w;w;f;0;1;1;1;1;1;1;1;7;1;
12.06.2013;11;w;w;f;0;0;1;1;1;1;1;1;6;1;
12.06.2013;12;w;w;f;0;0;1;1;1;1;1;1;6;1;
12.06.2013;13;w;w;f;0;0;0;0;0;0;0;0;0;1;
12.06.2013;14;w;w;f;0;0;0;0;0;1;1;1;3;1;
12.06.2013;15;w;w;f;0;0;0;1;1;0;0;1;3;1;
12.06.2013;16;w;w;f;0;1;1;1;1;1;1;1;7;1;
14.06.2013;17;w;w;f;0;0;0;0;0;0;1;1;2;1;
14.06.2013;18;w;w;f;0;0;0;1;1;1;1;1;5;1;
28.06.2013;19;w;w;f;0;0;0;0;1;0;1;1;3;1;
28.06.2013;20;w;w;f;0;0;0;0;0;1;1;1;3;1;
28.06.2013;21;w;w;f;0;1;1;1;1;1;1;1;7;1;
28.06.2013;22;w;w;f;0;1;1;1;1;1;1;1;7;1;
28.06.2013;23;w;w;f;0;1;1;1;1;1;1;1;7;1;
28.06.2013;24;w;w;f;0;0;0;1;1;1;1;1;5;1;
28.06.2013;25;w;w;f;0;0;0;0;1;1;1;0;3;1;in 30% a bit extension
28.06.2013;26;w;w;f;0;0;0;0;0;1;1;1;3;1;
28.06.2013;27;w;w;f;0;0;0;0;0;0;0;0;0;1;
10.07.2013;28;w;w;f;0;0;0;0;0;0;0;1;1;1;
10.07.2013;29;w;w;f;0;0;0;0;0;1;1;1;3;1;
10.07.2013;30;w;w;f;0;1;1;0;1;1;1;1;6;1;
10.07.2013;31;w;w;f;0;0;0;0;0;0;0;0;0;1;
10.07.2013;32;w;w;f;0;0;0;1;1;1;1;1;5;1;
